dataset,method,k,params,silhouette,davies_bouldin,calinski_harabasz,ARI,NMI,n_samples
joint,KMeans,10.0,,0.06214376166462898,2.4353290736566597,193.22874462906145,,,3834
joint,KMeans,5.0,,0.07717156410217285,2.390046772165566,281.0020149212635,,,3834
joint,Agglomerative,10.0,,0.020790351554751396,2.8973093938932815,138.33847309932275,,,3834
joint,DBSCAN,,"eps=0.5,min_samples=5",0.006377793848514557,0.9857901657576296,4.796921493221639,,,3834
joint,DBSCAN,,"eps=1.0,min_samples=5",0.006377793848514557,0.9857901657576296,4.796921493221639,,,3834
joint,DBSCAN,,"eps=1.5,min_samples=5",0.006377793848514557,0.9857901657576296,4.796921493221639,,,3834
